<?xml version="1.0" encoding="UTF-8"?>
<actions>
    <action>
        <actionName>run</actionName>
        <packagings>
            <packaging>jar</packaging>
        </packagings>
        <goals>
            <goal>process-classes</goal>
            <goal>org.codehaus.mojo:exec-maven-plugin:3.5.1:java</goal>
        </goals>
        <properties>
            <exec.mainClass>Launcher</exec.mainClass>
            <exec.classpathScope>runtime</exec.classpathScope>
        </properties>
    </action>
    <action>
        <actionName>debug</actionName>
        <packagings>
            <packaging>jar</packaging>
        </packagings>
        <goals>
            <goal>process-classes</goal>
            <goal>org.codehaus.mojo:exec-maven-plugin:3.5.1:java</goal>
        </goals>
        <properties>
            <exec.mainClass>Launcher</exec.mainClass>
            <exec.classpathScope>runtime</exec.classpathScope>
            <jpda.listen>true</jpda.listen>
        </properties>
    </action>
    <action>
        <actionName>profile</actionName>
        <packagings>
            <packaging>jar</packaging>
        </packagings>
        <goals>
            <goal>process-classes</goal>
            <goal>org.codehaus.mojo:exec-maven-plugin:3.5.1:java</goal>
        </goals>
        <properties>
            <exec.mainClass>Launcher</exec.mainClass>
            <exec.classpathScope>runtime</exec.classpathScope>
        </properties>
    </action>
</actions>